{"base_lr": 9.999999999999968e-05, "lr": 9.999999999999968e-05, "data_time": 0.05119361400604248, "loss": 0.8982923269271851, "loss_rpn_cls": 0.04365571614354849, "loss_rpn_bbox": 0.04809146136045456, "loss_cls": 0.2408234331011772, "acc": 90.6982421875, "loss_bbox": 0.28426766574382784, "loss_mask": 0.2814540535211563, "time": 2.2421818161010743, "epoch": 3, "iter": 14710, "memory": 44143, "step": 14710}
{"base_lr": 9.999999999999968e-05, "lr": 9.999999999999968e-05, "data_time": 0.002709999084472656, "loss": 0.891443190574646, "loss_rpn_cls": 0.04184058722108602, "loss_rpn_bbox": 0.04416241832077503, "loss_cls": 0.2427999806404114, "acc": 93.05419921875, "loss_bbox": 0.2778290581703186, "loss_mask": 0.28481115370988846, "time": 2.048177914619446, "epoch": 3, "iter": 14760, "memory": 40276, "step": 14760}
{"base_lr": 9.999999999999968e-05, "lr": 9.999999999999968e-05, "data_time": 0.002561330795288086, "loss": 0.8852987217903138, "loss_rpn_cls": 0.03980632830411196, "loss_rpn_bbox": 0.04681906532496214, "loss_cls": 0.23978738278150558, "acc": 90.46630859375, "loss_bbox": 0.27541504621505736, "loss_mask": 0.28347089916467666, "time": 2.027715702056885, "epoch": 3, "iter": 14810, "memory": 45378, "step": 14810}
{"base_lr": 9.999999999999968e-05, "lr": 9.999999999999968e-05, "data_time": 0.0031226587295532225, "loss": 0.8768225753307343, "loss_rpn_cls": 0.04287438634783029, "loss_rpn_bbox": 0.04767328128218651, "loss_cls": 0.2357373481988907, "acc": 90.8203125, "loss_bbox": 0.2747544214129448, "loss_mask": 0.2757831308245659, "time": 2.022627115249634, "epoch": 3, "iter": 14860, "memory": 41379, "step": 14860}
{"base_lr": 9.999999999999968e-05, "lr": 9.999999999999968e-05, "data_time": 0.0024927234649658203, "loss": 0.8803952801227569, "loss_rpn_cls": 0.039593182988464835, "loss_rpn_bbox": 0.04484889205545187, "loss_cls": 0.23700689047574997, "acc": 91.9677734375, "loss_bbox": 0.2754726701974869, "loss_mask": 0.2834736475348473, "time": 2.0281245708465576, "epoch": 3, "iter": 14910, "memory": 42543, "step": 14910}
{"base_lr": 9.999999999999968e-05, "lr": 9.999999999999968e-05, "data_time": 0.0024861717224121094, "loss": 0.9124006450176239, "loss_rpn_cls": 0.043036784864962103, "loss_rpn_bbox": 0.047867963835597035, "loss_cls": 0.24933739751577377, "acc": 94.20166015625, "loss_bbox": 0.2877234300971031, "loss_mask": 0.28443506330251694, "time": 2.0241994142532347, "epoch": 3, "iter": 14960, "memory": 42400, "step": 14960}
{"base_lr": 9.999999999999968e-05, "lr": 9.999999999999968e-05, "data_time": 0.00249936580657959, "loss": 0.8820877659320832, "loss_rpn_cls": 0.04153859309852123, "loss_rpn_bbox": 0.04492612536996603, "loss_cls": 0.23210975408554077, "acc": 91.95556640625, "loss_bbox": 0.27636633336544036, "loss_mask": 0.28714695900678633, "time": 2.0122578239440916, "epoch": 3, "iter": 15010, "memory": 41887, "step": 15010}
{"base_lr": 9.999999999999968e-05, "lr": 9.999999999999968e-05, "data_time": 0.0027663183212280275, "loss": 0.8892708420753479, "loss_rpn_cls": 0.04211467262357473, "loss_rpn_bbox": 0.04804750576615333, "loss_cls": 0.24111720234155654, "acc": 90.283203125, "loss_bbox": 0.27466748118400575, "loss_mask": 0.28332398027181627, "time": 2.0621393394470213, "epoch": 3, "iter": 15060, "memory": 42941, "step": 15060}
{"base_lr": 9.999999999999968e-05, "lr": 9.999999999999968e-05, "data_time": 0.002584691047668457, "loss": 0.903596967458725, "loss_rpn_cls": 0.045032945051789286, "loss_rpn_bbox": 0.05084841974079609, "loss_cls": 0.24336470514535904, "acc": 93.76220703125, "loss_bbox": 0.27978073358535765, "loss_mask": 0.2845701551437378, "time": 2.0353537940979005, "epoch": 3, "iter": 15110, "memory": 43573, "step": 15110}
{"base_lr": 9.999999999999968e-05, "lr": 9.999999999999968e-05, "data_time": 0.002514233589172363, "loss": 0.906186717748642, "loss_rpn_cls": 0.044216448292136196, "loss_rpn_bbox": 0.04816779460757971, "loss_cls": 0.2466514390707016, "acc": 93.3349609375, "loss_bbox": 0.28136529952287676, "loss_mask": 0.2857857349514961, "time": 2.0220564079284666, "epoch": 3, "iter": 15160, "memory": 41911, "step": 15160}
{"base_lr": 9.999999999999968e-05, "lr": 9.999999999999968e-05, "data_time": 0.0024476242065429687, "loss": 0.8855786454677582, "loss_rpn_cls": 0.04172797009348869, "loss_rpn_bbox": 0.047443612404167654, "loss_cls": 0.23640465050935744, "acc": 90.087890625, "loss_bbox": 0.2718856725096703, "loss_mask": 0.2881167438626289, "time": 2.011080460548401, "epoch": 3, "iter": 15210, "memory": 42037, "step": 15210}
{"base_lr": 9.999999999999968e-05, "lr": 9.999999999999968e-05, "data_time": 0.002521367073059082, "loss": 0.9088204646110535, "loss_rpn_cls": 0.040335479229688644, "loss_rpn_bbox": 0.04707785774022341, "loss_cls": 0.24719941318035127, "acc": 93.359375, "loss_bbox": 0.28978406369686127, "loss_mask": 0.2844236597418785, "time": 2.014837212562561, "epoch": 3, "iter": 15260, "memory": 41734, "step": 15260}
