{"base_lr": 9.999999999999968e-05, "lr": 9.999999999999968e-05, "data_time": 0.06461623191833496, "loss": 0.9385937130451203, "loss_rpn_cls": 0.046726328022778034, "loss_rpn_bbox": 0.050825674831867215, "loss_cls": 0.25969477236270905, "acc": 92.48046875, "loss_bbox": 0.2939551013708115, "loss_mask": 0.28739183872938157, "time": 2.178728175163269, "epoch": 3, "iter": 14710, "memory": 41597, "step": 14710}
{"base_lr": 9.999999999999968e-05, "lr": 9.999999999999968e-05, "data_time": 0.003050122261047363, "loss": 0.8806010043621063, "loss_rpn_cls": 0.03987914614379406, "loss_rpn_bbox": 0.046187634617090224, "loss_cls": 0.23961520403623582, "acc": 93.115234375, "loss_bbox": 0.2724241989850998, "loss_mask": 0.2824948167800903, "time": 2.0631391763687135, "epoch": 3, "iter": 14760, "memory": 44031, "step": 14760}
{"base_lr": 9.999999999999968e-05, "lr": 9.999999999999968e-05, "data_time": 0.002985868453979492, "loss": 0.8881284713745117, "loss_rpn_cls": 0.041521389707922934, "loss_rpn_bbox": 0.04597507208585739, "loss_cls": 0.24112838566303252, "acc": 95.2392578125, "loss_bbox": 0.2760908278822899, "loss_mask": 0.28341279566287997, "time": 2.04167387008667, "epoch": 3, "iter": 14810, "memory": 42055, "step": 14810}
{"base_lr": 9.999999999999968e-05, "lr": 9.999999999999968e-05, "data_time": 0.0030817270278930666, "loss": 0.874567940235138, "loss_rpn_cls": 0.04228387273848057, "loss_rpn_bbox": 0.046019764356315135, "loss_cls": 0.23264930963516237, "acc": 93.5302734375, "loss_bbox": 0.2714452329277992, "loss_mask": 0.2821697607636452, "time": 2.0429519176483155, "epoch": 3, "iter": 14860, "memory": 44196, "step": 14860}
{"base_lr": 9.999999999999968e-05, "lr": 9.999999999999968e-05, "data_time": 0.0030550479888916014, "loss": 0.8822539961338043, "loss_rpn_cls": 0.04268538825213909, "loss_rpn_bbox": 0.047953494898974894, "loss_cls": 0.23389725893735885, "acc": 92.1875, "loss_bbox": 0.2782007211446762, "loss_mask": 0.2795171403884888, "time": 2.0640690231323244, "epoch": 3, "iter": 14910, "memory": 42695, "step": 14910}
{"base_lr": 9.999999999999968e-05, "lr": 9.999999999999968e-05, "data_time": 0.002941484451293945, "loss": 0.8858361434936524, "loss_rpn_cls": 0.04098883658647537, "loss_rpn_bbox": 0.045032136775553226, "loss_cls": 0.24020327746868134, "acc": 91.69921875, "loss_bbox": 0.2808295726776123, "loss_mask": 0.2787823197245598, "time": 2.0149999380111696, "epoch": 3, "iter": 14960, "memory": 42135, "step": 14960}
{"base_lr": 9.999999999999968e-05, "lr": 9.999999999999968e-05, "data_time": 0.0030207204818725585, "loss": 0.8531034433841705, "loss_rpn_cls": 0.04164412647485733, "loss_rpn_bbox": 0.04421540811657906, "loss_cls": 0.2297926899790764, "acc": 93.5302734375, "loss_bbox": 0.25971152186393737, "loss_mask": 0.2777396947145462, "time": 2.0434108638763426, "epoch": 3, "iter": 15010, "memory": 41309, "step": 15010}
{"base_lr": 9.999999999999968e-05, "lr": 9.999999999999968e-05, "data_time": 0.004314541816711426, "loss": 0.9275595760345459, "loss_rpn_cls": 0.04501007065176964, "loss_rpn_bbox": 0.0498863161355257, "loss_cls": 0.2578914541006088, "acc": 92.96875, "loss_bbox": 0.2873112389445305, "loss_mask": 0.2874604934453964, "time": 2.1240453338623047, "epoch": 3, "iter": 15060, "memory": 41699, "step": 15060}
{"base_lr": 9.999999999999968e-05, "lr": 9.999999999999968e-05, "data_time": 0.0042357492446899415, "loss": 0.8964246714115143, "loss_rpn_cls": 0.0442036722227931, "loss_rpn_bbox": 0.0499124538898468, "loss_cls": 0.2396104347705841, "acc": 93.61572265625, "loss_bbox": 0.28411808997392657, "loss_mask": 0.27858001917600633, "time": 2.13403902053833, "epoch": 3, "iter": 15110, "memory": 43573, "step": 15110}
{"base_lr": 9.999999999999968e-05, "lr": 9.999999999999968e-05, "data_time": 0.0046453857421875, "loss": 0.8857536208629608, "loss_rpn_cls": 0.04016989905387163, "loss_rpn_bbox": 0.04637681424617767, "loss_cls": 0.23825151324272156, "acc": 90.80810546875, "loss_bbox": 0.2749126812815666, "loss_mask": 0.286042714715004, "time": 5.514567441940308, "epoch": 3, "iter": 15160, "memory": 41268, "step": 15160}
{"base_lr": 9.999999999999968e-05, "lr": 9.999999999999968e-05, "data_time": 0.004167318344116211, "loss": 0.8793042457103729, "loss_rpn_cls": 0.041201136149466036, "loss_rpn_bbox": 0.045229180492460726, "loss_cls": 0.2345799794793129, "acc": 90.9423828125, "loss_bbox": 0.27832323223352434, "loss_mask": 0.2799707183241844, "time": 7.31155336856842, "epoch": 3, "iter": 15210, "memory": 43941, "step": 15210}
{"base_lr": 9.999999999999968e-05, "lr": 9.999999999999968e-05, "data_time": 0.004009733200073242, "loss": 0.8867264449596405, "loss_rpn_cls": 0.03660965844988823, "loss_rpn_bbox": 0.0448488337919116, "loss_cls": 0.24183515846729278, "acc": 91.162109375, "loss_bbox": 0.27807476073503495, "loss_mask": 0.28535802870988847, "time": 7.332727556228638, "epoch": 3, "iter": 15260, "memory": 41194, "step": 15260}
{"base_lr": 9.999999999999968e-05, "lr": 9.999999999999968e-05, "data_time": 0.005081057548522949, "loss": 0.8996165919303895, "loss_rpn_cls": 0.04586196068674326, "loss_rpn_bbox": 0.049495106488466264, "loss_cls": 0.24445590913295745, "acc": 90.4541015625, "loss_bbox": 0.27176837891340255, "loss_mask": 0.2880352422595024, "time": 7.375233173370361, "epoch": 3, "iter": 15310, "memory": 43268, "step": 15310}
{"base_lr": 9.999999999999968e-05, "lr": 9.999999999999968e-05, "data_time": 0.004868206977844239, "loss": 0.8715544664859771, "loss_rpn_cls": 0.04292204596102238, "loss_rpn_bbox": 0.047501098550856116, "loss_cls": 0.23026732265949248, "acc": 92.236328125, "loss_bbox": 0.27113597095012665, "loss_mask": 0.279728030860424, "time": 7.307997088432312, "epoch": 3, "iter": 15360, "memory": 43207, "step": 15360}
{"base_lr": 9.999999999999968e-05, "lr": 9.999999999999968e-05, "data_time": 0.004164934158325195, "loss": 0.9120910918712616, "loss_rpn_cls": 0.04317279040813446, "loss_rpn_bbox": 0.04967137485742569, "loss_cls": 0.2451448541879654, "acc": 93.93310546875, "loss_bbox": 0.2864894863963127, "loss_mask": 0.2876125809550285, "time": 7.382080397605896, "epoch": 3, "iter": 15410, "memory": 41546, "step": 15410}
{"base_lr": 9.999999999999968e-05, "lr": 9.999999999999968e-05, "data_time": 0.004938206672668457, "loss": 0.884571533203125, "loss_rpn_cls": 0.041280970685184, "loss_rpn_bbox": 0.04708449672907591, "loss_cls": 0.23775976717472078, "acc": 89.92919921875, "loss_bbox": 0.2747963161766529, "loss_mask": 0.2836499789357185, "time": 7.3619586992263795, "epoch": 3, "iter": 15460, "memory": 41957, "step": 15460}
{"base_lr": 9.999999999999968e-05, "lr": 9.999999999999968e-05, "data_time": 0.0040114402770996095, "loss": 0.8750195944309235, "loss_rpn_cls": 0.040708928182721135, "loss_rpn_bbox": 0.04545427389442921, "loss_cls": 0.2364748990535736, "acc": 91.2109375, "loss_bbox": 0.2746970438957214, "loss_mask": 0.2776844546198845, "time": 7.321184496879578, "epoch": 3, "iter": 15510, "memory": 42864, "step": 15510}
{"base_lr": 9.999999999999968e-05, "lr": 9.999999999999968e-05, "data_time": 0.003879809379577637, "loss": 0.8894464540481567, "loss_rpn_cls": 0.04056336479261517, "loss_rpn_bbox": 0.04841144725680351, "loss_cls": 0.23650865405797958, "acc": 92.24853515625, "loss_bbox": 0.2792602446675301, "loss_mask": 0.2847027418017387, "time": 7.39052764415741, "epoch": 3, "iter": 15560, "memory": 43430, "step": 15560}
{"base_lr": 9.999999999999968e-05, "lr": 9.999999999999968e-05, "data_time": 0.004175634384155274, "loss": 0.9017613935470581, "loss_rpn_cls": 0.04276058495044708, "loss_rpn_bbox": 0.049698815420269965, "loss_cls": 0.243331615626812, "acc": 90.10009765625, "loss_bbox": 0.2810132870078087, "loss_mask": 0.28495708882808685, "time": 7.347021379470825, "epoch": 3, "iter": 15610, "memory": 39975, "step": 15610}
{"base_lr": 9.999999999999968e-05, "lr": 9.999999999999968e-05, "data_time": 0.004063272476196289, "loss": 0.8983660781383515, "loss_rpn_cls": 0.04119971070438624, "loss_rpn_bbox": 0.04557410504668951,