{"base_lr": 9.999999999999968e-05, "lr": 9.999999999999968e-05, "data_time": 0.011898512840270997, "loss": 0.8142295372486115, "loss_rpn_cls": 0.03643273206427693, "loss_rpn_bbox": 0.0474488688306883, "loss_cls": 0.22424948003143072, "acc": 99.21875, "loss_bbox": 0.24660501591861247, "loss_mask": 0.25949344158172605, "time": 0.8429640579223633, "epoch": 5, "iter": 117318, "memory": 9707, "step": 117318}
{"base_lr": 9.999999999999968e-05, "lr": 9.999999999999968e-05, "data_time": 0.0027272558212280275, "loss": 0.8443884190917015, "loss_rpn_cls": 0.043566960627213124, "loss_rpn_bbox": 0.04548238042742014, "loss_cls": 0.22324907276779413, "acc": 88.76953125, "loss_bbox": 0.27157012350857257, "loss_mask": 0.2605198821425438, "time": 0.7751502370834351, "epoch": 5, "iter": 117368, "memory": 9623, "step": 117368}
{"base_lr": 9.999999999999968e-05, "lr": 9.999999999999968e-05, "data_time": 0.00279782772064209, "loss": 0.7562822023034096, "loss_rpn_cls": 0.032615435407496986, "loss_rpn_bbox": 0.03933005461934954, "loss_cls": 0.19782252252101898, "acc": 95.60546875, "loss_bbox": 0.24480481654405595, "loss_mask": 0.24170936837792398, "time": 0.7506486797332763, "epoch": 5, "iter": 117418, "memory": 9371, "step": 117418}
{"base_lr": 9.999999999999968e-05, "lr": 9.999999999999968e-05, "data_time": 0.0028434371948242187, "loss": 0.7281830987334251, "loss_rpn_cls": 0.03577340024523437, "loss_rpn_bbox": 0.03837475026957691, "loss_cls": 0.19274770349264145, "acc": 91.6015625, "loss_bbox": 0.22568426974117756, "loss_mask": 0.2356029787659645, "time": 0.7681226253509521, "epoch": 5, "iter": 117468, "memory": 9620, "step": 117468}
{"base_lr": 9.999999999999968e-05, "lr": 9.999999999999968e-05, "data_time": 0.0031345081329345703, "loss": 0.8645672503113747, "loss_rpn_cls": 0.03410341813694686, "loss_rpn_bbox": 0.0486713495478034, "loss_cls": 0.23412958402186632, "acc": 91.69921875, "loss_bbox": 0.2730175769329071, "loss_mask": 0.27464532136917114, "time": 0.7911490201950073, "epoch": 5, "iter": 117518, "memory": 9660, "step": 117518}
{"base_lr": 9.999999999999968e-05, "lr": 9.999999999999968e-05, "data_time": 0.003425264358520508, "loss": 0.8565506321191788, "loss_rpn_cls": 0.04227864010725171, "loss_rpn_bbox": 0.05134371506050229, "loss_cls": 0.2244645933806896, "acc": 96.19140625, "loss_bbox": 0.28110278755426404, "loss_mask": 0.2573608884215355, "time": 0.8254514503479004, "epoch": 5, "iter": 117568, "memory": 9820, "step": 117568}
{"base_lr": 9.999999999999968e-05, "lr": 9.999999999999968e-05, "data_time": 0.003211708068847656, "loss": 0.7760551381111145, "loss_rpn_cls": 0.03867447421653196, "loss_rpn_bbox": 0.0441955603286624, "loss_cls": 0.2031415779143572, "acc": 93.1640625, "loss_bbox": 0.24569485768675803, "loss_mask": 0.24434867039322852, "time": 0.8143570756912232, "epoch": 5, "iter": 117618, "memory": 9574, "step": 117618}
{"base_lr": 9.999999999999968e-05, "lr": 9.999999999999968e-05, "data_time": 0.0034173822402954104, "loss": 0.8119813677668571, "loss_rpn_cls": 0.03323929653968662, "loss_rpn_bbox": 0.042644800981506706, "loss_cls": 0.2226811633259058, "acc": 98.4375, "loss_bbox": 0.25811656184494497, "loss_mask": 0.25529953867197036, "time": 0.8607873439788818, "epoch": 5, "iter": 117668, "memory": 9754, "step": 117668}
{"base_lr": 9.999999999999968e-05, "lr": 9.999999999999968e-05, "data_time": 0.0034342050552368165, "loss": 0.7983309587836266, "loss_rpn_cls": 0.03765086088795215, "loss_rpn_bbox": 0.04391288647428155, "loss_cls": 0.2187880840525031, "acc": 92.578125, "loss_bbox": 0.24765716686844827, "loss_mask": 0.25032196640968324, "time": 0.8176412534713745, "epoch": 5, "iter": 117718, "memory": 9434, "step": 117718}
{"base_lr": 9.999999999999968e-05, "lr": 9.999999999999968e-05, "data_time": 0.003401288986206055, "loss": 0.8139976209402084, "loss_rpn_cls": 0.03242933874949813, "loss_rpn_bbox": 0.04336278765462339, "loss_cls": 0.2374888025969267, "acc": 89.74609375, "loss_bbox": 0.2524734776094556, "loss_mask": 0.24824321642518044, "time": 0.8147886085510254, "epoch": 5, "iter": 117768, "memory": 9607, "step": 117768}
{"base_lr": 9.999999999999968e-05, "lr": 9.999999999999968e-05, "data_time": 0.0032079458236694337, "loss": 0.8266211584210396, "loss_rpn_cls": 0.03674562403932214, "loss_rpn_bbox": 0.04021304332418367, "loss_cls": 0.22407906487584114, "acc": 87.40234375, "loss_bbox": 0.2665009002573788, "loss_mask": 0.2590825182199478, "time": 0.8140552616119385, "epoch": 5, "iter": 117818, "memory": 9644, "step": 117818}
{"base_lr": 9.999999999999968e-05, "lr": 9.999999999999968e-05, "data_time": 0.0032860088348388673, "loss": 0.7866260331869125, "loss_rpn_cls": 0.02921530859777704, "loss_rpn_bbox": 0.04007651939988136, "loss_cls": 0.21557327315211297, "acc": 89.84375, "loss_bbox": 0.23791541889309883, "loss_mask": 0.26384550958871844, "time": 0.803067045211792, "epoch": 5, "iter": 117868, "memory": 9941, "step": 117868}
{"base_lr": 9.999999999999968e-05, "lr": 9.999999999999968e-05, "data_time": 0.0034849929809570314, "loss": 0.8264223363995552, "loss_rpn_cls": 0.033876100978814064, "loss_rpn_bbox": 0.04639507801271975, "loss_cls": 0.23089002422988414, "acc": 90.625, "loss_bbox": 0.26552756734192373, "loss_mask": 0.24973355934023858, "time": 0.78313880443573, "epoch": 5, "iter": 117918, "memory": 9916, "step": 117918}
{"base_lr": 9.999999999999968e-05, "lr": 9.999999999999968e-05, "data_time": 0.0030876111984252928, "loss": 0.7444197517633439, "loss_rpn_cls": 0.03178263399284333, "loss_rpn_bbox": 0.036919888160191476, "loss_cls": 0.20262555949389935, "acc": 90.0390625, "loss_bbox": 0.22882309697568418, "loss_mask": 0.24426857590675355, "time": 0.7647140264511109, "epoch": 5, "iter": 117968, "memory": 9629, "step": 117968}
{"base_lr": 9.999999999999968e-05, "lr": 9.999999999999968e-05, "data_time": 0.0030173635482788085, "loss": 0.7481889569759369, "loss_rpn_cls": 0.036073014011490157, "loss_rpn_bbox": 0.03872794196009636, "loss_cls": 0.19371158584952355, "acc": 94.82421875, "loss_bbox": 0.23591078154742717, "loss_mask": 0.24376563534140586, "time": 0.8112741708755493, "epoch": 5, "iter": 118018, "memory": 9781, "step": 118018}
{"base_lr": 9.999999999999968e-05, "lr": 9.999999999999968e-05, "data_time": 0.003314251899719238, "loss": 0.8095175558328629, "loss_rpn_cls": 0.041618001069873574, "loss_rpn_bbox": 0.0451442994363606, "loss_cls": 0.2168416079133749, "acc": 92.3828125, "loss_bbox": 0.24978688262403012, "loss_mask": 0.25612676084041597, "time": 0.7800703811645507, "epoch": 5, "iter": 118068, "memory": 9629, "step": 118068}
{"base_lr": 9.999999999999968e-05, "lr": 9.999999999999968e-05, "data_time": 0.00315582275390625, "loss": 0.7692107027769088, "loss_rpn_cls": 0.03068202458554879, "loss_rpn_bbox": 0.03609942981274798, "loss_cls": 0.20576089702546596, "acc": 91.9921875, "loss_bbox": 0.2462753600254655, "loss_mask": 0.25039298936724663, "time": 0.7979640245437623, "epoch": 5, "iter": 118118, "memory": 9654, "step": 118118}
{"base_lr": 9.999999999999968e-05, "lr": 9.999999999999968e-05, "data_time": 0.0033296394348144532, "loss": 0.7621829211711884, "loss_rpn_cls": 0.03385737865231931, "loss_rpn_bbox": 0.04136273949872702, "loss_cls": 0.20487787663936616, "acc": 97.94921875, "loss_bbox": 0.24618407532572747, "loss_mask": 0.23590084984898568, "time": 0.7833282566070556, "epoch": 5, "iter": 118168, "memory": 9714, "step": 118168}
{"base_lr": 9.999999999999968e-05, "lr": 9.999999999999968e-05, "data_time": 0.0033744192123413086, "loss": 0.6981554311513901, "loss_rpn_cls": 0.029717011626344172, "loss_rpn_bbox": 0.0356697455374524, "loss_cls": 0.1853181803971529, "acc": 94.3359375, "loss_bbox": 0.21251703992486, "loss_mask": 0.23493345439434052, "time": 0.7844377040863038, "epoch": 5, "iter": 118218, "memory": 9948, "step": 118218}
{"base_lr": 9.999999999999968e-05, "lr": 9.999999999999968e-05, "data_time": 0.0034853792190551757, "loss": 0.8363823133707047, "loss_rpn_cls": 0.040967399773653594, "loss_rpn_bbox": 0.04306564967148006,