{"base_lr": 9.999999999999969e-06, "lr": 9.999999999999969e-06, "data_time": 0.04281676769256592, "loss": 0.7898703348636628, "loss_rpn_cls": 0.035900429766625164, "loss_rpn_bbox": 0.04517937496304512, "loss_cls": 0.20632982432842253, "acc": 88.330078125, "loss_bbox": 0.25058779820799826, "loss_mask": 0.25187291368842124, "time": 1.2975919580459594, "epoch": 9, "iter": 58690, "memory": 9398, "step": 58690}
{"base_lr": 9.999999999999969e-06, "lr": 9.999999999999969e-06, "data_time": 0.0032749176025390625, "loss": 0.7070964169502258, "loss_rpn_cls": 0.028663767222315072, "loss_rpn_bbox": 0.03662527464330197, "loss_cls": 0.18208884693682192, "acc": 90.4296875, "loss_bbox": 0.2243315553665161, "loss_mask": 0.23538697764277458, "time": 1.0219051456451416, "epoch": 9, "iter": 58740, "memory": 9526, "step": 58740}
